# Name,   Type, SubType, Offset,  Size, Flags
# 8 MB flash layout. Same structure as partitions_example.csv but with OTA
# slots doubled to 3 MB so the app can carry the Wi-Fi HaLow stack (morselib
# plus the ~480 KB transceiver firmware and BCF blobs) alongside the native
# Wi-Fi stack. Offsets are left implicit after ota_0 so the slots stay packed.
nvs,      data, nvs,     0x9000,  24K,
otadata,  data, ota,     0xf000,  8K,
phy_init, data, phy,     0x11000, 4K,
ota_0,    app,  ota_0,   0x20000, 3M,
ota_1,    app,  ota_1,   ,        3M,
storage,  data, fat,     ,        1920K,
